{"cameraMode":{"drawMode":0,"name":"Shaded","section":"Shading Mode"},"sceneLighting":false,"audioPlay":false,"sceneViewState":{"m_AlwaysRefresh":true,"showFog":true,"showSkybox":false,"showFlares":true,"showImageEffects":true,"showParticleSystems":true,"showVisualEffectGraphs":true,"m_FxEnabled":true},"in2DMode":false,"pivot":{"x":-0.0033660531044006349,"y":1.073219656944275,"z":0.0002856254577636719},"rotation":{"x":0.2750501334667206,"y":0.7170237898826599,"z":-0.3856823444366455,"w":0.5113489031791687},"size":1.5120657682418824,"orthographic":false}