{"cameraMode":{"drawMode":0,"name":"Shaded","section":"Shading Mode"},"sceneLighting":false,"audioPlay":false,"sceneViewState":{"m_AlwaysRefresh":true,"showFog":true,"showSkybox":false,"showFlares":true,"showImageEffects":true,"showParticleSystems":true,"showVisualEffectGraphs":true,"m_FxEnabled":true},"in2DMode":false,"pivot":{"x":-0.03412342071533203,"y":-0.08868670463562012,"z":-0.028998851776123048},"rotation":{"x":0.2750501334667206,"y":0.7170237898826599,"z":-0.3856823444366455,"w":0.5113489031791687},"size":6.353501319885254,"orthographic":false}