{"cameraMode":{"drawMode":0,"name":"Shaded","section":"Shading Mode"},"sceneLighting":false,"audioPlay":false,"sceneViewState":{"m_AlwaysRefresh":true,"showFog":true,"showSkybox":false,"showFlares":true,"showImageEffects":true,"showParticleSystems":true,"showVisualEffectGraphs":true,"m_FxEnabled":true},"in2DMode":false,"pivot":{"x":1.7533795833587647,"y":-0.009491443634033203,"z":0.10167217254638672},"rotation":{"x":0.2750501334667206,"y":0.7170237898826599,"z":-0.3856823444366455,"w":0.5113489031791687},"size":3.779456615447998,"orthographic":false}