{"cameraMode":{"drawMode":0,"name":"Shaded","section":"Shading Mode"},"sceneLighting":true,"audioPlay":false,"sceneViewState":{"m_AlwaysRefresh":true,"showFog":true,"showSkybox":true,"showFlares":true,"showImageEffects":true,"showParticleSystems":true,"showVisualEffectGraphs":true,"m_FxEnabled":true},"in2DMode":false,"pivot":{"x":2.481790542602539,"y":0.47242477536201479,"z":18.12935447692871},"rotation":{"x":0.19445395469665528,"y":0.777523934841156,"z":-0.28867506980895998,"w":0.5237511396408081},"size":4.1663737297058109,"orthographic":false}