{"cameraMode":{"drawMode":0,"name":"Shaded","section":"Shading Mode"},"sceneLighting":false,"audioPlay":false,"sceneViewState":{"m_AlwaysRefresh":true,"showFog":true,"showSkybox":false,"showFlares":true,"showImageEffects":true,"showParticleSystems":true,"showVisualEffectGraphs":true,"m_FxEnabled":true},"in2DMode":false,"pivot":{"x":0.06678366661071778,"y":-0.009680867195129395,"z":0.11749744415283203},"rotation":{"x":0.19967016577720643,"y":0.18827249109745027,"z":-0.03912597894668579,"w":0.9608113169670105},"size":2.850022315979004,"orthographic":false}