{"cameraMode":{"drawMode":0,"name":"Shaded","section":"Shading Mode"},"sceneLighting":false,"audioPlay":false,"sceneViewState":{"m_AlwaysRefresh":true,"showFog":true,"showSkybox":false,"showFlares":true,"showImageEffects":true,"showParticleSystems":true,"showVisualEffectGraphs":true,"m_FxEnabled":true},"in2DMode":false,"pivot":{"x":-1.1922645568847657,"y":-0.4048736095428467,"z":-0.25492429733276369},"rotation":{"x":0.3139546513557434,"y":-0.44825175404548647,"z":0.17179954051971436,"w":0.8191497325897217},"size":0.8660253882408142,"orthographic":false}